{"stats":{"minecraft:used":{"minecraft:stone_sword":15,"minecraft:cobblestone_stairs":1,"minecraft:acacia_door":1,"minecraft:stone_shovel":33,"minecraft:stone_pickaxe":110,"minecraft:chest":2,"minecraft:wooden_pickaxe":26,"minecraft:torch":6,"minecraft:stone_axe":10,"minecraft:dirt":13,"minecraft:cobblestone":10,"minecraft:crafting_table":5,"minecraft:cooked_porkchop":4,"minecraft:granite":8,"minecraft:smoker":2},"minecraft:crafted":{"minecraft:stone_shovel":1,"minecraft:cooked_porkchop":5,"minecraft:crafting_table":5,"minecraft:stick":40,"minecraft:acacia_door":3,"minecraft:wooden_pickaxe":1,"minecraft:cooked_chicken":2,"minecraft:stone_pickaxe":2,"minecraft:chest":2,"minecraft:stone_sword":1,"minecraft:furnace":1,"minecraft:cobblestone_stairs":4,"minecraft:acacia_planks":68,"minecraft:torch":64,"minecraft:stone_axe":1,"minecraft:air":0,"minecraft:smoker":1},"minecraft:picked_up":{"minecraft:stick":16,"minecraft:chicken":2,"minecraft:oak_fence":6,"minecraft:acacia_log":57,"minecraft:smoker":1,"minecraft:porkchop":5,"minecraft:dirt":59,"minecraft:stripped_acacia_log":2,"minecraft:rotten_flesh":4,"minecraft:wheat_seeds":2,"minecraft:granite":13,"minecraft:poppy":1,"minecraft:acacia_sapling":25,"minecraft:coal":121,"minecraft:cobblestone":116},"minecraft:broken":{"minecraft:stone_pickaxe":1},"minecraft:custom":{"minecraft:time_since_rest":29463,"minecraft:sprint_one_cm":28609,"minecraft:damage_taken":354,"minecraft:walk_one_cm":95205,"minecraft:mob_kills":8,"minecraft:damage_dealt":921,"minecraft:interact_with_crafting_table":12,"minecraft:fly_one_cm":25288,"minecraft:open_chest":5,"minecraft:crouch_one_cm":1352,"minecraft:play_time":29463,"minecraft:sneak_time":473,"minecraft:walk_under_water_one_cm":479,"minecraft:jump":192,"minecraft:leave_game":1,"minecraft:time_since_death":29463,"minecraft:walk_on_water_one_cm":1069,"minecraft:interact_with_smoker":9,"minecraft:total_world_time":29463,"minecraft:fall_one_cm":3698},"minecraft:killed":{"minecraft:zombie":3,"minecraft:pig":2,"minecraft:zombie_villager":1,"minecraft:chicken":2},"minecraft:mined":{"minecraft:acacia_leaves":294,"minecraft:smoker":1,"minecraft:oak_fence":3,"minecraft:granite":12,"minecraft:short_grass":9,"minecraft:acacia_log":67,"minecraft:grass_block":22,"minecraft:coal_ore":6,"minecraft:dirt":15,"minecraft:stripped_acacia_log":1,"minecraft:stone":114}},"DataVersion":3955}